Aiy3Aesh6ao,Gabrielle
IiD5queifae,Marina
TieTh0rago2,Beatriz
Eechu2uch,Douglas
kio9aezaMa,Ágatha
xoof7lae4Oh,Luis
aG3ieveeh2,Carolina
eeg0Siep,Gabrielle
Chie3dich1,Carla
ocae1Xaiya,Luis
Seiph7ue0,Rafaela
noo2Oviob,Matheus
abo4oogoh6V,Mariana
Uroh9oph8jie,Caio
ohf9Quuhie,Ágatha
ye1uaTh6,Luan
to2Vooyi5,João
ve1shooWey4ee,Anna
ufei3Ui8ae,Brenda
ahpoobieG2ei,Mariana
OJeeJoo9Fi,Tomás
Aac2Oghuang,Anna
BeeV0sey2fu,Letícia
nahxae9N,Kauã
oJieke2aiKi,Giovanna
Xu3maishei5,Leila
Ong0Ieluu,Raissa
Aip9chahKah,Miguel
thiey6xoo6P,Letícia
AZuung4suh,Sarah
hahquori9Ahw,Vitór
Eeng4eiDoo,Leila
Mei1noTahth,Davi
xeumeGu7,Maria
eek3ZohDo,Aline
ceuqu7Aiza,Isabela
LohM3iengei,Davi
ThieVie8ie,Fernanda
jae2Eafaerei,Guilherme
Gie7hewoo3,Luan
koov1ieQuo,Clara
ah9aBo9xoo,Giovanna
moo7dah0R,Carla
uaMa6tu8pi,Alice
quahTha5pah,Amanda
eGh6aath9ai,Danilo
eekaen2eiHu,Danilo
eeph6Uca,Alex
XohChai6gez,Bianca
Eph5eilu5ch,Nicolash
QuahChech0,Breno
ohBooquaih3,Antônio
Venei8eezoo,Giovanna
Aip6xieth,Vitór
eeMa1Jeingoh,Cauã
nae5uT9AiJei,Lucas
oa5aiw2I,Alex
zida9Eir,Camila
me1fubikiiC,Fernanda
uPhahgh9G,Laura
eed6Ozib9od,Nicole
kei2aey6Iqu,Kauan
neiZ6ail6,Nicolash
ooFaid3Mai,Isabella
Pab0zae7e,Caio
zahCah6Zai,Letícia
ru4She5due,Julieta
leze4eiB,Davi
oB3bith8,Vitoria
Mi8coh2ei,Anna
Do9zopi4,Julia
ieG4uemee4Ee,Kauan
TheeY3AiP,Letícia
Mu9aebie4sh,Martim
Yia2ohs8f,André
sineuB5D,Matilde
ieThiesua2Th,Tânia
joocheiN1,Alex
Jai0ethaek,Clara
woo8OhXoop,Luis
sohvohr7KoT,Rebeca
aiNahb5uo3o,Mariana
deeY4aisee,Daniel
Laijoo3ai,Renan
zuMieth1bae,Kauã
Ibee4Theet,Kai
Quaequae2ah,Matilde
sajoop5Ahh,Victor
aeX9oosoe2,Raissa
aedau6Agh,Amanda
eishu9Ahsh,Luiz
GanooG2Pai,Felipe
Tae2ubah3I,Luís
eiL1Mahai2,Isabelle
Eeb5ge2Zee,Letícia
saPhel0ohl,Gabriel
suikeowi1A,Marcos
Cho0aiRij9,Daniel
lie2Ged6ae,Kauan
Yae6Caigoh,Júlia
yeequ9Eechie,Melissa
ohpaef9Ju6Ai,Sofia
Beinaif4Sho,Melissa
ooch5eiW1,Thaís
yeeRo9zee,Evelyn
eew3Usah8eum,Tânia
ho4oja9Oo,Gabrielly
eej2Aik3ai,Anna
Aixah3shaing,Aline
aeQuio4Ph,Diogo
Eiwae2Leed7,Isabelle
eeNaejei5x,Kauan
bech2ieQuahgh,Lara
ohwohn6Oh,Gabriel
caoHa0Aenge,Thaís
Aicel3iep,Tomás
kaifiefiZu9,Ágatha
she2Yeemoh,Luis
rahPh8ahy,Fábio
oofau3Eat,Emily
iefah0oW,Cauã
cheeGh9l,Diego
wahwev4Ong,Vinícius
aisooJ2ohPh,Marisa
ahM9mo0quee,Nicolas
eiF6outhu,Julieta
iedaihu0Sau,Giovana
ieMeiz8un,Carolina
QuaZi9paeboph,Gustavo
joPh8gaezie,Eduarda
eiL1OosoR9,Carla
oeMo8ahsh,Raissa
aeX2mee5m,Bruno
baiYah9tea,Beatriz
shushiX3ee,Joao
aiThel0mieSh,Eduardo
eeDosa7oph,Lavinia
Eem8ohng4ei,Livia
Veezoh8yah,Manuela
Eecei1ieQu,Camila
pa1eeRahk,Renan
aiM4io4F,Kauê
teiFee3oon,Douglas
haeK2cohchoo,Giovana
Phoi9joMee,Rafael
gi9hie1Ath7,Bruno
UaTh2gok4,Eduardo
ao3oozicieC,Julia
toh0Riesai,Júlio
Ove1ais9,Amanda
ceeshe3Oar,Bruno
Doax0Shii,Isabella
oR5riejoos8,Nicole
ea0Oosou,Marina
thaoxae9ohCah,Letícia
loonga0Eif5,Ana
oey5oXah,Júlio
BeiChoo6ohsh,Daniel
Uem2Naiph,Isabella
oi4waiPohh5y,Giovana
eGhe5ooth6,Gabriela
ebi4iGoov8ae,Marcos
eiLieka4iex,Enzo
CooPhai5,Ana
Ripee0eeth1,Carolina
IeYa7iechii,Nicolas
pheifaiNie5,Vinícius
ohxo5Theec,Murilo
ubaa1oeL7ee,Evelyn
Beelune9theen,Carolina
ieSogu3he,Ana
Soong3aex6f,Júlio
Iepe3Nu1ai,Cauã
Fah8wuzei4s,Vitor
eeGhi2jo2,Kai
Ou6upheib,Melissa
Athei0ookae,Anna
poi5AiLae4U,Tânia
AeChae7e,Estevan
ieziep8Cee,Felipe
Tesaxu4eoy8ee,Guilherme
moong4eeQu,Gabrielly
xohSein0aef,Gustavo
oo4Shaiph,Laura
Eiqua5aeNoo,Isabelle
phahch0DeiP,Rafaela
choh9hi0EeV,Nicolas
shie7aiTh,Nicolash
ootooRaeg8ee,Renan
aiX4aegh6,José
eewuSiePh2u,Samuel
waiZ5eexoo,Marina
Lii7Jeequa,Alice
aeFiip2ai,Clara
reichoo2Ang,Murilo
vaij7eiwaiG,Renan
Ahpahlo2,Luiz
Pohv5yahpoo,Mateus
Pie9Ooghoog,Arthur
dau4il7Ich,Felipe
zahB5aeT,Rafaela
moodaeB3aiJ,Joao
iuShio5Va,Vitor
mieg3Iedo,Samuel
Hie1AhPoh,Tiago
Eph8Bao6Th,Bruno
Eviezi8ah,Bruna
pek9pheN,Enzo
caiM3aLoozai,Carlos
Vo5sheiph,Bianca
lav6Hahlool,Luís
aiyex8ku1Ua,Lucas
cah4Baigh1Ei,Mateus
quoghaiC5oh,Isabela
eeLeri5Ai,Júlio
vaengoo4Oo,Leonardo
iZ5joh1Xoh,Sophia
dieNg1ohX,Marisa
Giew8eiV3,Marcos
xe8EehooWie,Vinicius
phosei2Ph,Matilde
wae9ohLaen,Giovana
aejieNa9,Carla
quoGhei9aith,Isabella
piuWeo6iegi,Otávio
Iph5eezei,Júlia
Goo5zoh0ch,Caio
sai3pec9Cah,Isabela
rie7oola1Qu,Erick
sasoa4Achoh,Gabriela
cee1aiPahs4,Marisa
azieteiZuk6,Diogo
Jooc2Beep,Nicole
Aizie7tah,Evelyn
oung5ohTh1,Samuel
ook9iequi2W,Emilly
Ra5uFahng,Beatrice
lebaeSh5vie,Giovana
heXio4egh,Yasmin
aW4abohxae,Renan
ii1ooZ4kaNg,Rafaela
Wuofo2hoo,Mateus
Uot3DieGh3Ae,Erick
Seesu3ohy0,Amanda
Aeveivae7o,Beatrice
Oof0oghi4zi,Amanda
rei5Nod8EeC,Isabelle
Uiv9ezahbei,Gustavo
ai8Koh4us9Ah,Lucas
ooruN7oob,Mateus
Eijohz0k,Martim
ahJ6iwepha6gah,Yasmin
fuKie2kaiqu,Gabrielly
Su0hap4ah,Fernanda
voo5eiVei,Beatriz
AiDu1wee,Luana
yang0ohPh,Luis
raeJie9wo3,Tânia
Ruvee3guoke,Luan
Phueth0ai,Manuela
siCioyaiwi4,Isabella
ohk3Aeghee,Lavinia
Ze1haiPah,Aline
ohm7aiteiKae,Ágatha
rec1Paz0,Joao
onaegh8eiTh,Nicolas
Ieh1nahFei,Kai
IePhoot2z,Thaís
aeth7Kee,Sofia
Ieg0Quaig,Lara
quioch0Ei,Eduardo
WooFeif3,Bruna
Chael0boh,Eduardo
keexiegaTa8,Evelyn
kei4aiW9Oo,Anna
Iex4shur5T,Kauê
ievieVi6quu,Thaís
leg2ooSae,Diogo
Sao9iePh,Anna
KeehahQue3F,Julieta
zu2wooWohg,Paulo
nae8Aing,Nicole
eeYigh8Mahqu,Rebeca
tooYo1dah,Camila
eeteo0Aash,Ana
leigo0aiHae,Giovana
Ahquai5aiFieGh,Vinícius
quo5Eeph5,Gabriel
ekaiBooJ7eeD,Julia
ooGh6boo,Tiago
ijeeGho9h,Alice
aeBahgohS3,Kauã
phaP6chei,Eduardo
keen4ees4G,Estevan
Dahpha5oe,Alex
eiD6Hahs4ph,Ana
AhkeiHu5oh,Kai
reefaipoh3Ei,Enzo
Di9Ooshag,Daniel
noo0hie8Ohb0,Evelyn
Oa0ga2Wee,Maria
iegh3baJie,Tiago
Iuch6ahah,Otávio
hiz8seNg6gah,Luiz
uoNgei2riyi,Gabriel
aiRoh7Erae,Ágatha
te8UfieJai,João
gee6Oi4l,Davi
Oosu9een,Aline
zaeG1Eilu,Eduardo
geing4aiN,Matilde
iquoQuee3,Julia
wie1eSae,Kauan
Nav1quooch,Larissa
PooZoopet6g,Douglas
Xotohth1Qu,Vitór
Zu2ahgheefoo,Erick
UobaehiC9oo,Bianca
IHasi7oo,Brenda
Miuc7eeB,Mateus
ev4PheeS8,Amanda
zeZ2too3,Luis
ic0Ahdiwoo,Raissa
ookaid7ieBee,Raissa
fohshiev9F,Lara
Tee3choh,Lucas
Shohpo6she3,Melissa
Soh3eeWa2,Diogo
Neiphee7e,Vitór
Rah5eiphae,Fernanda
vu6joh5Chei,Carolina
ushee7Jieke,Gabriela
quoojaiW1ash,Maria
eiquohs5Hai,Camila
iG2zohw2heu,Vitória
oowie1owahSh,Luís
wo6ohTh4Bie,Daniel
Heath8aeJ9B,Fábio
Um1ahnu7O,Raissa
eeruoh5Oh,Rebeca
if8Eo9Ohmed,Ryan
ACeiwoo2ee,Marisa
Vuihiesh6To,Enzo
uuThu6ooku5,Leonor
ahveew7X,Leonor
shiLoojoh0,Luiz
hieToh6oo,Gabriela
ahBoh5Ta2oo,Matheus
Aicohcuu5,Ana
hisohTh8,Julian
bo6uN3ahY2Sh,Tânia
ook6Pheech,Luis
zeeD2Shu8,Paulo
aiqu0Cheng,Kai
Aigh0zee4,Emily
keey1aiGh,Ryan
ou2oL5kush9,Fernanda
ahFa3Aipah3,Kauã
Eivah5iegh7,Gustavo
Quah6thae,Luan
mu6eeXae1i,Marisa
eeGail8th,Kauã
izai0Ohh6ae,Lavinia
Aelei7aengee,Vitór
Thaph6poo1y,Martim
roMug7Dooch,Arthur
Cheaquoo2ah,Letícia
Iesah8sh,Carlos
sahwo8giTh,Ana
Zie2Ahxiuth,Paulo
mahqu1Goo9,Marcos
eolei3Rie,Julian
eiP0aigah,Thiago
PohShaveo7e,Luan
Aderuo5xie,Raissa
ec3Aemei4th,Leila
Osh5ohkaeSh,Kaua
maiPoh8ahG,Bruno
ohkaiQuoo7f,Rodrigo
faedo5Quie,Júlio
sahsohDa3j,Emily
iel9Iech,Luiza
Shoh1eolee,Nicolas
neeVupoo1,Rodrigo
aaj2UChe,João
vooSh3Hie,Kauê
oeQuo4Ei,Enzo
aeNgae9ae2,Rebeca
Eech0tu2vie,Tomás
Ou4iberaeN,Vitór
iMooCai3lah,Lavinia
Soof3iegh,Isabela
Waisoo5Udoh,André
roo6Oong8ee,Breno
iuvieK4ei,Caio
Tulo9oPhee,Isabella
tu0Rahfoh6m,Luís
Thaechaep7b,Fábio
Ugh3echee,Tânia
zik1Laig3,Nicole
thooth8Adie,Yasmin
Thaumus1,Marina
pee7xaeGha,Carla
vaeve3Ah,Gabrielly
ooP7saf4Pah,Vitor
Reih0gahV,Davi
agohN9aeZei,Marcos
Joo7ied4qu,Larissa
ahteib9ieS,Isabelle
Thai8ehae,Mariana
Eic3Ahub4Pae,Brenda
eeT2leisie0,Douglas
pie7voo1Th,Enzo
doothoFe8,Martim
ieT5Shai1oh,Kai
Ohnoh6aqu,Leila
phiem6at2Ke,Evelyn
uCheibai0,Gabrielly
Cez8auyei,Isabela
aC8bePox6Qu,Joao
Do5eiP6ah,Leonor
fiWo9thohph,Giovana
Eequ3heeth,Laura
yaeh7Bohl,Caio
Koi8mahsh,Luiz
gei0ohB7qu,Mariana
ija0yo3Oo,Kauã
ieG9ki4eeD,Renan
Raez1yeeY,Rafael
ohN3phiz,Estevan
eigo2egh5Ee,Kauã
Thohs8ahloh,Guilherme
Amee9xohzoh,Yasmin
Zeiz9tiph,Aline
aa1naeFi4V,Pedro
tah1toj8I,Arthur
pahpee0Sh,Guilherme
Naehoy6kae,Leonor
Tu3deiwooX8,Rafaela
huQu0uotai7,José
eiwei2Ao,Isabella
eex8wi6Thee,Julia
aikooGhe4aeh,Otávio
Se8hee9evei,Isabelle
ieGhu1kooqu,Davi
phei9OVie,Guilherme
Tohwim7imah,Arthur
kov1aitaa7T,Vitória
Kin0teReph,Ryan
ohc5Eit2Ee,Marina
Zuquacho8y,Leonor
ohXohji8nai,Thaís
Ohquaof2jae,Felipe
eijai0Choh,Ryan
ieg6gah0Eiy,Sofia
hieGh3ohchai,Amanda
Yie6iu6Xi,Isabelle
Eipu9gooth7,Felipe
ro7Cez5c,Beatriz
zohtooHithi8,Luis
AezoolooSh5o,Vitor
eiNg1aigh,Otávio
bi9ChoTa1ai,Estevan
Gievei0uov7,Renan
quei2Oa6ahz,Kauan
poo7UanieRoo,Júlia
Vahm4thie,Eduardo
Siewoan9sie,Gabriela
ieF8si7ae,Bruna
wahH1ahrae,Arthur
Acutoo5qu,Danilo
Az0bu8eech,Laura
siese2Aing,Isabela
zexa3FiuGoh,Nicolas
aeGh7oJiePu,José
noki8ohWee,Carla
thai0jaiHah,Marisa
Chaexei0shei,Sofia
Ohsh5Chah,Leonor
poph2Iiqu,Thiago
aizuHoo5ei,Luiza
yei8Inie,Vinicius
eiy9oChee,Nicole
Eih7zo1ae,Danilo
gae5Ouxae9,Nicolash
Uow2ohpei,Carla
poh5ooD3aaPh,Luís
kiez4pheJ,Ágatha
Ge3Lahxeip,Mateus
eiTu3eevoh,Renan
ieShai6A,Nicole
xeec8pei2Ei,Camila
uiLe0ahGee,Marisa
IedohGhu3,Samuel
choh3Miej9Oo,Kauê
ooGeeghoGh9,Davi
thoh3Fequoh,Fernanda
Im2te2ae,Otávio
Ishei2Phoh,Giovanna
av2Yagae9,Julia
yieh5Ohb2ah,Gustavo
CahKieri9ag,Tânia
yo6ohbo4Wu,Julian
aegh7Ahlae8,Amanda
ahb0IaYee3ae,Douglas
feanie5Goh,Thiago
Niebouy0bai,Thiago
ziFueR7ah,Marisa
thai2Pahr,Murilo
naes4SoodiTh,Guilherme
ahk7peeVie,Mateus
yie8ang9Oh,Matilde
su0zahDai,André
oong1aeJ0i,Sofia
Lah0paphae,Giovanna
Aetuer0ieyae,Gabrielly
ra8ieXaew7,Laura
AhX3thad0,Bruna
ooJaet8o,Ágatha
rahTh6Odo,Beatriz
iemieGh7xai,Rebeca
oB7xaZie5,Arthur
si4caeZeiqu,Carla
aiyuMahl8,Lucas
bai0Aequ,Kaua
laeJ1cai,Gabriela
eiG4Yi2noh0,Leonardo
eeshahX9,Matilde
ciYobah0Oh,José
chuJahJee0hie,Diego
seeYoof5ax0,Vinícius
ephieLei7du,Samuel
Coomuphoh0,Mariana
ees9Tho5leizu,Bruno
zuo9EifiGh,Ana
teer0AKah,Leonardo
aiy0Beic4b,Rebeca
Phai7fu7AiW,Antônio
eepahN5sei,Leonardo
juz5heiZu5ah,Rafaela
Kenoo2aek0Cie,Thaís
Ii0leiyah,Luiz
vi8ahRo6phie,Lara
Uv4ua0wi,Alice
ooL6ieloo,Paulo
aim5DahNah,Miguel
ongai2Au3r,Bruno
haejaife2Mie,Diego
chahG7Ge4T,Luiza
Gi3ahyaegh,Tiago
mee2aeviJ,Victor
ohv2Oobuen,Leila
ahpho4Xoh7,André
ja5shoh3Ir,Clara
hi9aFie4mee,Rodrigo
uu3ioVohz,Julia
ohqu8eikoaL,Carlos
uufi6Aedae,Júlio
Eey3eBuus,Emilly
Aag7hai0Oh,Erick
gai3AhP2,Luiz
dea1eiXai,Eduardo
jeiH2Oaka6Th,Arthur
eeSohB9li,Tânia
di4ba8Aeng,Luis
uare1Nieh2s,Luís
the0XieB,Caio
aizai3Yiegei,Marina
zeiMo6Mie,Diego
eeMieV9Ae,Anna
aim8io0weB,João
Phohm7ohm,Igor
eiZahw6A,Luiza
eiNgoh8qu,Vitória
Ecah8nae,Felipe
fiith3Zash,Rebeca
eif5Uw6jie,André
ni3Az8eevei,Kaua
AhGheix9aep,Beatriz
AoGuof2xee,Lucas
Mo7aY7eegah,Daniel
Quae8ufahm,Martim
orie0Ahfahph,Amanda
Chooraib7e,Igor
leida9raeQuai,Igor
CieGhaeWen9oh,Rafaela
Ahsh8ree,Carolina
IechugeiSh1,André
eth4Tiegh,Fernanda
soo1ohWoh5,Gustavo
iejeiz2ZiiG,Rodrigo
quo8TieGha,Eduarda
Tah9Coh8Ie,Thiago
Eibael4oek,Kauan
Naik2aX0,Isabella
kahFaek2oh,André
mohPielaiW1,Kaua
Choh4Eiz,Isabela
quaiPi9Oop,Brenda
pooWethur2i,Isabella
